ID,Name,Age,Salary,Department,Experience,Bonus,Seniority Level
101,Alice,25,50000,HR,1,7362.650653491104,Junior
102,Bob,30,60000,IT,7,6592.500644505377,Mid
103,Charlie,35,70000,Finance,11,8988.81873119171,Senior
104,David,40,80000,Marketing,19,9543.68053064578,Lead
105,Eva,45,90000,Operations,23,11379.539495798192,
