ID,Name,Age,Salary,Department,Experience,Bonus,Seniority Level
101,Alice,25,50000,HR,1,6800.196213384679,Junior
102,Bob,30,60000,IT,7,7792.8753773782855,Mid
103,Charlie,35,70000,Finance,14,8093.679152985428,Senior
104,David,40,80000,Marketing,18,5403.351936579498,Lead
105,Eva,45,90000,Operations,24,13159.216052731697,
