ID,Name,Age,Salary,Department,Experience,Bonus,Seniority Level
101,Alice,25,50000,HR,5,2795.358874500192,Mid
102,Bob,30,60000,IT,6,4518.6812919479635,Mid
103,Charlie,35,70000,Finance,15,4751.837486569297,Lead
104,David,40,80000,Marketing,16,5110.99582579005,Lead
105,Eva,45,90000,Operations,22,6808.661021608566,
