ID,Name,Age,Salary,Department,Experience,Bonus,Seniority Level
101,Alice,25,50000,HR,2,4589.691888311559,Junior
102,Bob,30,60000,IT,8,6573.492654776809,Mid
103,Charlie,35,70000,Finance,13,5504.227038493737,Senior
104,David,40,80000,Marketing,18,5220.54337547851,Lead
105,Eva,45,90000,Operations,21,9251.892884453,
