ID,Name,Age,Salary,Department,Experience,Bonus,Seniority Level
101,Alice,25,50000,HR,1,4656.304211350291,Junior
102,Bob,30,60000,IT,9,8904.286836345787,Mid
103,Charlie,35,70000,Finance,12,8191.2368221051765,Senior
104,David,40,80000,Marketing,16,11392.834467274795,Lead
105,Eva,45,90000,Operations,23,4958.498399715554,
